Group 1,Group 2,H,p-value,q-value
Breast_Cancer (n=26),Healthy_Control (n=26),1.7848610025678227,0.18155355445479565,0.18155355445479565
